ApiController.java,edu.ucsb.cs156.example.controllers.ApiController,org.pitest.mutationtest.engine.gregor.mutators.returns.NullReturnValsMutator,genericMessage,38,KILLED,edu.ucsb.cs156.example.controllers.ApiControllerTests.[engine:junit-jupiter]/[class:edu.ucsb.cs156.example.controllers.ApiControllerTests]/[method:generic_message_test()]
ApiController.java,edu.ucsb.cs156.example.controllers.ApiController,org.pitest.mutationtest.engine.gregor.mutators.returns.NullReturnValsMutator,getCurrentUser,29,KILLED,edu.ucsb.cs156.example.controllers.UserInfoControllerTests.[engine:junit-jupiter]/[class:edu.ucsb.cs156.example.controllers.UserInfoControllerTests]/[method:currentUser__logged_in()]
ApiController.java,edu.ucsb.cs156.example.controllers.ApiController,org.pitest.mutationtest.engine.gregor.mutators.returns.NullReturnValsMutator,handleGenericException,49,KILLED,edu.ucsb.cs156.example.controllers.UCSBDiningCommonsControllerTests.[engine:junit-jupiter]/[class:edu.ucsb.cs156.example.controllers.UCSBDiningCommonsControllerTests]/[method:test_that_logged_in_user_can_get_by_id_when_the_id_does_not_exist()]
ArticlesController.java,edu.ucsb.cs156.example.controllers.ArticlesController,org.pitest.mutationtest.engine.gregor.mutators.returns.EmptyObjectReturnValsMutator,allArticles,53,KILLED,edu.ucsb.cs156.example.controllers.ArticlesControllerTests.[engine:junit-jupiter]/[class:edu.ucsb.cs156.example.controllers.ArticlesControllerTests]/[method:logged_in_user_can_get_all_articles()]
ArticlesController.java,edu.ucsb.cs156.example.controllers.ArticlesController,org.pitest.mutationtest.engine.gregor.mutators.VoidMethodCallMutator,deleteArticles,125,KILLED,edu.ucsb.cs156.example.controllers.ArticlesControllerTests.[engine:junit-jupiter]/[class:edu.ucsb.cs156.example.controllers.ArticlesControllerTests]/[method:admin_can_delete_a_Articles()]
ArticlesController.java,edu.ucsb.cs156.example.controllers.ArticlesController,org.pitest.mutationtest.engine.gregor.mutators.returns.NullReturnValsMutator,deleteArticles,126,KILLED,edu.ucsb.cs156.example.controllers.ArticlesControllerTests.[engine:junit-jupiter]/[class:edu.ucsb.cs156.example.controllers.ArticlesControllerTests]/[method:admin_can_delete_a_Articles()]
ArticlesController.java,edu.ucsb.cs156.example.controllers.ArticlesController,org.pitest.mutationtest.engine.gregor.mutators.returns.NullReturnValsMutator,getById,70,KILLED,edu.ucsb.cs156.example.controllers.ArticlesControllerTests.[engine:junit-jupiter]/[class:edu.ucsb.cs156.example.controllers.ArticlesControllerTests]/[method:test_that_logged_in_user_can_get_by_id_when_the_id_exists()]
ArticlesController.java,edu.ucsb.cs156.example.controllers.ArticlesController,org.pitest.mutationtest.engine.gregor.mutators.returns.NullReturnValsMutator,lambda$deleteArticles$1,123,KILLED,edu.ucsb.cs156.example.controllers.ArticlesControllerTests.[engine:junit-jupiter]/[class:edu.ucsb.cs156.example.controllers.ArticlesControllerTests]/[method:admin_tries_to_delete_non_existant_articles_and_gets_right_error_message()]
ArticlesController.java,edu.ucsb.cs156.example.controllers.ArticlesController,org.pitest.mutationtest.engine.gregor.mutators.returns.NullReturnValsMutator,lambda$getById$0,68,KILLED,edu.ucsb.cs156.example.controllers.ArticlesControllerTests.[engine:junit-jupiter]/[class:edu.ucsb.cs156.example.controllers.ArticlesControllerTests]/[method:test_that_logged_in_user_can_get_by_id_when_the_id_does_not_exist()]
ArticlesController.java,edu.ucsb.cs156.example.controllers.ArticlesController,org.pitest.mutationtest.engine.gregor.mutators.returns.NullReturnValsMutator,lambda$updateArticles$2,144,KILLED,edu.ucsb.cs156.example.controllers.ArticlesControllerTests.[engine:junit-jupiter]/[class:edu.ucsb.cs156.example.controllers.ArticlesControllerTests]/[method:admin_cannot_edit_articles_that_does_not_exist()]
ArticlesController.java,edu.ucsb.cs156.example.controllers.ArticlesController,org.pitest.mutationtest.engine.gregor.mutators.VoidMethodCallMutator,postArticles,100,KILLED,edu.ucsb.cs156.example.controllers.ArticlesControllerTests.[engine:junit-jupiter]/[class:edu.ucsb.cs156.example.controllers.ArticlesControllerTests]/[method:an_admin_user_can_post_a_new_articles()]
ArticlesController.java,edu.ucsb.cs156.example.controllers.ArticlesController,org.pitest.mutationtest.engine.gregor.mutators.VoidMethodCallMutator,postArticles,101,KILLED,edu.ucsb.cs156.example.controllers.ArticlesControllerTests.[engine:junit-jupiter]/[class:edu.ucsb.cs156.example.controllers.ArticlesControllerTests]/[method:an_admin_user_can_post_a_new_articles()]
ArticlesController.java,edu.ucsb.cs156.example.controllers.ArticlesController,org.pitest.mutationtest.engine.gregor.mutators.VoidMethodCallMutator,postArticles,102,KILLED,edu.ucsb.cs156.example.controllers.ArticlesControllerTests.[engine:junit-jupiter]/[class:edu.ucsb.cs156.example.controllers.ArticlesControllerTests]/[method:an_admin_user_can_post_a_new_articles()]
ArticlesController.java,edu.ucsb.cs156.example.controllers.ArticlesController,org.pitest.mutationtest.engine.gregor.mutators.VoidMethodCallMutator,postArticles,103,KILLED,edu.ucsb.cs156.example.controllers.ArticlesControllerTests.[engine:junit-jupiter]/[class:edu.ucsb.cs156.example.controllers.ArticlesControllerTests]/[method:an_admin_user_can_post_a_new_articles()]
ArticlesController.java,edu.ucsb.cs156.example.controllers.ArticlesController,org.pitest.mutationtest.engine.gregor.mutators.VoidMethodCallMutator,postArticles,104,KILLED,edu.ucsb.cs156.example.controllers.ArticlesControllerTests.[engine:junit-jupiter]/[class:edu.ucsb.cs156.example.controllers.ArticlesControllerTests]/[method:an_admin_user_can_post_a_new_articles()]
ArticlesController.java,edu.ucsb.cs156.example.controllers.ArticlesController,org.pitest.mutationtest.engine.gregor.mutators.returns.NullReturnValsMutator,postArticles,108,KILLED,edu.ucsb.cs156.example.controllers.ArticlesControllerTests.[engine:junit-jupiter]/[class:edu.ucsb.cs156.example.controllers.ArticlesControllerTests]/[method:an_admin_user_can_post_a_new_articles()]
ArticlesController.java,edu.ucsb.cs156.example.controllers.ArticlesController,org.pitest.mutationtest.engine.gregor.mutators.VoidMethodCallMutator,updateArticles,146,KILLED,edu.ucsb.cs156.example.controllers.ArticlesControllerTests.[engine:junit-jupiter]/[class:edu.ucsb.cs156.example.controllers.ArticlesControllerTests]/[method:admin_can_edit_an_existing_articles()]
ArticlesController.java,edu.ucsb.cs156.example.controllers.ArticlesController,org.pitest.mutationtest.engine.gregor.mutators.VoidMethodCallMutator,updateArticles,147,KILLED,edu.ucsb.cs156.example.controllers.ArticlesControllerTests.[engine:junit-jupiter]/[class:edu.ucsb.cs156.example.controllers.ArticlesControllerTests]/[method:admin_can_edit_an_existing_articles()]
ArticlesController.java,edu.ucsb.cs156.example.controllers.ArticlesController,org.pitest.mutationtest.engine.gregor.mutators.VoidMethodCallMutator,updateArticles,148,KILLED,edu.ucsb.cs156.example.controllers.ArticlesControllerTests.[engine:junit-jupiter]/[class:edu.ucsb.cs156.example.controllers.ArticlesControllerTests]/[method:admin_can_edit_an_existing_articles()]
ArticlesController.java,edu.ucsb.cs156.example.controllers.ArticlesController,org.pitest.mutationtest.engine.gregor.mutators.VoidMethodCallMutator,updateArticles,149,KILLED,edu.ucsb.cs156.example.controllers.ArticlesControllerTests.[engine:junit-jupiter]/[class:edu.ucsb.cs156.example.controllers.ArticlesControllerTests]/[method:admin_can_edit_an_existing_articles()]
ArticlesController.java,edu.ucsb.cs156.example.controllers.ArticlesController,org.pitest.mutationtest.engine.gregor.mutators.VoidMethodCallMutator,updateArticles,150,KILLED,edu.ucsb.cs156.example.controllers.ArticlesControllerTests.[engine:junit-jupiter]/[class:edu.ucsb.cs156.example.controllers.ArticlesControllerTests]/[method:admin_can_edit_an_existing_articles()]
ArticlesController.java,edu.ucsb.cs156.example.controllers.ArticlesController,org.pitest.mutationtest.engine.gregor.mutators.returns.NullReturnValsMutator,updateArticles,154,KILLED,edu.ucsb.cs156.example.controllers.ArticlesControllerTests.[engine:junit-jupiter]/[class:edu.ucsb.cs156.example.controllers.ArticlesControllerTests]/[method:admin_can_edit_an_existing_articles()]
CSRFController.java,edu.ucsb.cs156.example.controllers.CSRFController,org.pitest.mutationtest.engine.gregor.mutators.returns.NullReturnValsMutator,csrf,33,KILLED,edu.ucsb.cs156.example.controllers.CSRFControllerTests.[engine:junit-jupiter]/[class:edu.ucsb.cs156.example.controllers.CSRFControllerTests]/[method:csrf_returns_ok()]
HelpRequestsController.java,edu.ucsb.cs156.example.controllers.HelpRequestsController,org.pitest.mutationtest.engine.gregor.mutators.returns.EmptyObjectReturnValsMutator,allHelpRequests,52,KILLED,edu.ucsb.cs156.example.controllers.HelpRequestsControllerTests.[engine:junit-jupiter]/[class:edu.ucsb.cs156.example.controllers.HelpRequestsControllerTests]/[method:logged_in_user_can_get_all_helprequests()]
HelpRequestsController.java,edu.ucsb.cs156.example.controllers.HelpRequestsController,org.pitest.mutationtest.engine.gregor.mutators.VoidMethodCallMutator,deleteHelpRequest,161,KILLED,edu.ucsb.cs156.example.controllers.HelpRequestsControllerTests.[engine:junit-jupiter]/[class:edu.ucsb.cs156.example.controllers.HelpRequestsControllerTests]/[method:admin_can_delete_a_helprequest()]
HelpRequestsController.java,edu.ucsb.cs156.example.controllers.HelpRequestsController,org.pitest.mutationtest.engine.gregor.mutators.returns.NullReturnValsMutator,deleteHelpRequest,162,KILLED,edu.ucsb.cs156.example.controllers.HelpRequestsControllerTests.[engine:junit-jupiter]/[class:edu.ucsb.cs156.example.controllers.HelpRequestsControllerTests]/[method:admin_can_delete_a_helprequest()]
HelpRequestsController.java,edu.ucsb.cs156.example.controllers.HelpRequestsController,org.pitest.mutationtest.engine.gregor.mutators.returns.NullReturnValsMutator,getById,111,KILLED,edu.ucsb.cs156.example.controllers.HelpRequestsControllerTests.[engine:junit-jupiter]/[class:edu.ucsb.cs156.example.controllers.HelpRequestsControllerTests]/[method:test_that_logged_in_user_can_get_by_id_when_the_id_exists()]
HelpRequestsController.java,edu.ucsb.cs156.example.controllers.HelpRequestsController,org.pitest.mutationtest.engine.gregor.mutators.returns.NullReturnValsMutator,lambda$deleteHelpRequest$2,159,KILLED,edu.ucsb.cs156.example.controllers.HelpRequestsControllerTests.[engine:junit-jupiter]/[class:edu.ucsb.cs156.example.controllers.HelpRequestsControllerTests]/[method:admin_tries_to_delete_non_existant_helprequest_and_gets_right_error_message()]
HelpRequestsController.java,edu.ucsb.cs156.example.controllers.HelpRequestsController,org.pitest.mutationtest.engine.gregor.mutators.returns.NullReturnValsMutator,lambda$getById$0,109,KILLED,edu.ucsb.cs156.example.controllers.HelpRequestsControllerTests.[engine:junit-jupiter]/[class:edu.ucsb.cs156.example.controllers.HelpRequestsControllerTests]/[method:test_that_logged_in_user_can_get_by_id_when_the_id_does_not_exist()]
HelpRequestsController.java,edu.ucsb.cs156.example.controllers.HelpRequestsController,org.pitest.mutationtest.engine.gregor.mutators.returns.NullReturnValsMutator,lambda$updateHelpRequest$1,130,KILLED,edu.ucsb.cs156.example.controllers.HelpRequestsControllerTests.[engine:junit-jupiter]/[class:edu.ucsb.cs156.example.controllers.HelpRequestsControllerTests]/[method:admin_cannot_edit_helprequest_that_does_not_exist()]
HelpRequestsController.java,edu.ucsb.cs156.example.controllers.HelpRequestsController,org.pitest.mutationtest.engine.gregor.mutators.VoidMethodCallMutator,postHelpRequest,84,KILLED,edu.ucsb.cs156.example.controllers.HelpRequestsControllerTests.[engine:junit-jupiter]/[class:edu.ucsb.cs156.example.controllers.HelpRequestsControllerTests]/[method:an_admin_user_can_post_a_new_helprequests()]
HelpRequestsController.java,edu.ucsb.cs156.example.controllers.HelpRequestsController,org.pitest.mutationtest.engine.gregor.mutators.VoidMethodCallMutator,postHelpRequest,85,KILLED,edu.ucsb.cs156.example.controllers.HelpRequestsControllerTests.[engine:junit-jupiter]/[class:edu.ucsb.cs156.example.controllers.HelpRequestsControllerTests]/[method:an_admin_user_can_post_a_new_helprequests()]
HelpRequestsController.java,edu.ucsb.cs156.example.controllers.HelpRequestsController,org.pitest.mutationtest.engine.gregor.mutators.VoidMethodCallMutator,postHelpRequest,86,KILLED,edu.ucsb.cs156.example.controllers.HelpRequestsControllerTests.[engine:junit-jupiter]/[class:edu.ucsb.cs156.example.controllers.HelpRequestsControllerTests]/[method:an_admin_user_can_post_a_new_helprequests()]
HelpRequestsController.java,edu.ucsb.cs156.example.controllers.HelpRequestsController,org.pitest.mutationtest.engine.gregor.mutators.VoidMethodCallMutator,postHelpRequest,87,KILLED,edu.ucsb.cs156.example.controllers.HelpRequestsControllerTests.[engine:junit-jupiter]/[class:edu.ucsb.cs156.example.controllers.HelpRequestsControllerTests]/[method:an_admin_user_can_post_a_new_helprequests()]
HelpRequestsController.java,edu.ucsb.cs156.example.controllers.HelpRequestsController,org.pitest.mutationtest.engine.gregor.mutators.VoidMethodCallMutator,postHelpRequest,88,KILLED,edu.ucsb.cs156.example.controllers.HelpRequestsControllerTests.[engine:junit-jupiter]/[class:edu.ucsb.cs156.example.controllers.HelpRequestsControllerTests]/[method:an_admin_user_can_post_a_new_helprequests()]
HelpRequestsController.java,edu.ucsb.cs156.example.controllers.HelpRequestsController,org.pitest.mutationtest.engine.gregor.mutators.VoidMethodCallMutator,postHelpRequest,89,KILLED,edu.ucsb.cs156.example.controllers.HelpRequestsControllerTests.[engine:junit-jupiter]/[class:edu.ucsb.cs156.example.controllers.HelpRequestsControllerTests]/[method:an_admin_user_can_post_a_new_helprequests()]
HelpRequestsController.java,edu.ucsb.cs156.example.controllers.HelpRequestsController,org.pitest.mutationtest.engine.gregor.mutators.returns.NullReturnValsMutator,postHelpRequest,93,KILLED,edu.ucsb.cs156.example.controllers.HelpRequestsControllerTests.[engine:junit-jupiter]/[class:edu.ucsb.cs156.example.controllers.HelpRequestsControllerTests]/[method:an_admin_user_can_post_a_new_helprequests()]
HelpRequestsController.java,edu.ucsb.cs156.example.controllers.HelpRequestsController,org.pitest.mutationtest.engine.gregor.mutators.VoidMethodCallMutator,updateHelpRequest,133,KILLED,edu.ucsb.cs156.example.controllers.HelpRequestsControllerTests.[engine:junit-jupiter]/[class:edu.ucsb.cs156.example.controllers.HelpRequestsControllerTests]/[method:admin_can_edit_an_existing_helprequest()]
HelpRequestsController.java,edu.ucsb.cs156.example.controllers.HelpRequestsController,org.pitest.mutationtest.engine.gregor.mutators.VoidMethodCallMutator,updateHelpRequest,134,KILLED,edu.ucsb.cs156.example.controllers.HelpRequestsControllerTests.[engine:junit-jupiter]/[class:edu.ucsb.cs156.example.controllers.HelpRequestsControllerTests]/[method:admin_can_edit_an_existing_helprequest()]
HelpRequestsController.java,edu.ucsb.cs156.example.controllers.HelpRequestsController,org.pitest.mutationtest.engine.gregor.mutators.VoidMethodCallMutator,updateHelpRequest,135,KILLED,edu.ucsb.cs156.example.controllers.HelpRequestsControllerTests.[engine:junit-jupiter]/[class:edu.ucsb.cs156.example.controllers.HelpRequestsControllerTests]/[method:admin_can_edit_an_existing_helprequest()]
HelpRequestsController.java,edu.ucsb.cs156.example.controllers.HelpRequestsController,org.pitest.mutationtest.engine.gregor.mutators.VoidMethodCallMutator,updateHelpRequest,136,KILLED,edu.ucsb.cs156.example.controllers.HelpRequestsControllerTests.[engine:junit-jupiter]/[class:edu.ucsb.cs156.example.controllers.HelpRequestsControllerTests]/[method:admin_can_edit_an_existing_helprequest()]
HelpRequestsController.java,edu.ucsb.cs156.example.controllers.HelpRequestsController,org.pitest.mutationtest.engine.gregor.mutators.VoidMethodCallMutator,updateHelpRequest,137,KILLED,edu.ucsb.cs156.example.controllers.HelpRequestsControllerTests.[engine:junit-jupiter]/[class:edu.ucsb.cs156.example.controllers.HelpRequestsControllerTests]/[method:admin_can_edit_an_existing_helprequest()]
HelpRequestsController.java,edu.ucsb.cs156.example.controllers.HelpRequestsController,org.pitest.mutationtest.engine.gregor.mutators.VoidMethodCallMutator,updateHelpRequest,138,KILLED,edu.ucsb.cs156.example.controllers.HelpRequestsControllerTests.[engine:junit-jupiter]/[class:edu.ucsb.cs156.example.controllers.HelpRequestsControllerTests]/[method:admin_can_edit_an_existing_helprequest()]
HelpRequestsController.java,edu.ucsb.cs156.example.controllers.HelpRequestsController,org.pitest.mutationtest.engine.gregor.mutators.returns.NullReturnValsMutator,updateHelpRequest,144,KILLED,edu.ucsb.cs156.example.controllers.HelpRequestsControllerTests.[engine:junit-jupiter]/[class:edu.ucsb.cs156.example.controllers.HelpRequestsControllerTests]/[method:admin_can_edit_an_existing_helprequest()]
JobsController.java,edu.ucsb.cs156.example.controllers.JobsController,org.pitest.mutationtest.engine.gregor.mutators.returns.EmptyObjectReturnValsMutator,allJobs,41,KILLED,edu.ucsb.cs156.example.controllers.JobsControllerTests.[engine:junit-jupiter]/[class:edu.ucsb.cs156.example.controllers.JobsControllerTests]/[method:admin_can_get_all_jobs()]
JobsController.java,edu.ucsb.cs156.example.controllers.JobsController,org.pitest.mutationtest.engine.gregor.mutators.VoidMethodCallMutator,deleteAllJobs,48,KILLED,edu.ucsb.cs156.example.controllers.JobsControllerTests.[engine:junit-jupiter]/[class:edu.ucsb.cs156.example.controllers.JobsControllerTests]/[method:admin_can_delete_all_jobs()]
JobsController.java,edu.ucsb.cs156.example.controllers.JobsController,org.pitest.mutationtest.engine.gregor.mutators.returns.EmptyObjectReturnValsMutator,deleteAllJobs,49,KILLED,edu.ucsb.cs156.example.controllers.JobsControllerTests.[engine:junit-jupiter]/[class:edu.ucsb.cs156.example.controllers.JobsControllerTests]/[method:admin_can_delete_all_jobs()]
JobsController.java,edu.ucsb.cs156.example.controllers.JobsController,org.pitest.mutationtest.engine.gregor.mutators.NegateConditionalsMutator,deleteAllJobs,69,KILLED,edu.ucsb.cs156.example.controllers.JobsControllerTests.[engine:junit-jupiter]/[class:edu.ucsb.cs156.example.controllers.JobsControllerTests]/[method:admin_can_delete_specific_job()]
JobsController.java,edu.ucsb.cs156.example.controllers.JobsController,org.pitest.mutationtest.engine.gregor.mutators.VoidMethodCallMutator,deleteAllJobs,72,KILLED,edu.ucsb.cs156.example.controllers.JobsControllerTests.[engine:junit-jupiter]/[class:edu.ucsb.cs156.example.controllers.JobsControllerTests]/[method:admin_can_delete_specific_job()]
JobsController.java,edu.ucsb.cs156.example.controllers.JobsController,org.pitest.mutationtest.engine.gregor.mutators.returns.EmptyObjectReturnValsMutator,deleteAllJobs,70,KILLED,edu.ucsb.cs156.example.controllers.JobsControllerTests.[engine:junit-jupiter]/[class:edu.ucsb.cs156.example.controllers.JobsControllerTests]/[method:admin_gets_reasonable_error_when_deleting_non_existing_job()]
JobsController.java,edu.ucsb.cs156.example.controllers.JobsController,org.pitest.mutationtest.engine.gregor.mutators.returns.EmptyObjectReturnValsMutator,deleteAllJobs,73,KILLED,edu.ucsb.cs156.example.controllers.JobsControllerTests.[engine:junit-jupiter]/[class:edu.ucsb.cs156.example.controllers.JobsControllerTests]/[method:admin_can_delete_specific_job()]
JobsController.java,edu.ucsb.cs156.example.controllers.JobsController,org.pitest.mutationtest.engine.gregor.mutators.returns.NullReturnValsMutator,getJobLogById,62,KILLED,edu.ucsb.cs156.example.controllers.JobsControllerTests.[engine:junit-jupiter]/[class:edu.ucsb.cs156.example.controllers.JobsControllerTests]/[method:api_getJobLogById__admin_logged_in__returns_job_by_id()]
JobsController.java,edu.ucsb.cs156.example.controllers.JobsController,org.pitest.mutationtest.engine.gregor.mutators.returns.EmptyObjectReturnValsMutator,getJobLogs,93,KILLED,edu.ucsb.cs156.example.controllers.JobsControllerTests.[engine:junit-jupiter]/[class:edu.ucsb.cs156.example.controllers.JobsControllerTests]/[method:test_getJobLogs_admin_can_get_job_log()]
JobsController.java,edu.ucsb.cs156.example.controllers.JobsController,org.pitest.mutationtest.engine.gregor.mutators.returns.NullReturnValsMutator,lambda$getJobLogById$0,60,KILLED,edu.ucsb.cs156.example.controllers.JobsControllerTests.[engine:junit-jupiter]/[class:edu.ucsb.cs156.example.controllers.JobsControllerTests]/[method:api_getJobLogById__admin_logged_in__returns_not_found_for_missing_job()]
JobsController.java,edu.ucsb.cs156.example.controllers.JobsController,org.pitest.mutationtest.engine.gregor.mutators.returns.NullReturnValsMutator,launchTestJob,84,KILLED,edu.ucsb.cs156.example.controllers.JobsControllerTests.[engine:junit-jupiter]/[class:edu.ucsb.cs156.example.controllers.JobsControllerTests]/[method:admin_can_launch_test_job()]
MenuItemReviewsController.java,edu.ucsb.cs156.example.controllers.MenuItemReviewsController,org.pitest.mutationtest.engine.gregor.mutators.returns.EmptyObjectReturnValsMutator,allMenuItemReviews,58,KILLED,edu.ucsb.cs156.example.controllers.MenuItemReviewsControllerTests.[engine:junit-jupiter]/[class:edu.ucsb.cs156.example.controllers.MenuItemReviewsControllerTests]/[method:logged_in_user_can_get_all_ucsbdates()]
MenuItemReviewsController.java,edu.ucsb.cs156.example.controllers.MenuItemReviewsController,org.pitest.mutationtest.engine.gregor.mutators.VoidMethodCallMutator,deleteMenuItemReview,158,KILLED,edu.ucsb.cs156.example.controllers.MenuItemReviewsControllerTests.[engine:junit-jupiter]/[class:edu.ucsb.cs156.example.controllers.MenuItemReviewsControllerTests]/[method:admin_can_delete_a_menuitemreview()]
MenuItemReviewsController.java,edu.ucsb.cs156.example.controllers.MenuItemReviewsController,org.pitest.mutationtest.engine.gregor.mutators.returns.NullReturnValsMutator,deleteMenuItemReview,159,KILLED,edu.ucsb.cs156.example.controllers.MenuItemReviewsControllerTests.[engine:junit-jupiter]/[class:edu.ucsb.cs156.example.controllers.MenuItemReviewsControllerTests]/[method:admin_can_delete_a_menuitemreview()]
MenuItemReviewsController.java,edu.ucsb.cs156.example.controllers.MenuItemReviewsController,org.pitest.mutationtest.engine.gregor.mutators.returns.NullReturnValsMutator,getById,113,KILLED,edu.ucsb.cs156.example.controllers.MenuItemReviewsControllerTests.[engine:junit-jupiter]/[class:edu.ucsb.cs156.example.controllers.MenuItemReviewsControllerTests]/[method:test_that_logged_in_user_can_get_by_id_when_the_id_does()]
MenuItemReviewsController.java,edu.ucsb.cs156.example.controllers.MenuItemReviewsController,org.pitest.mutationtest.engine.gregor.mutators.returns.NullReturnValsMutator,lambda$deleteMenuItemReview$2,156,KILLED,edu.ucsb.cs156.example.controllers.MenuItemReviewsControllerTests.[engine:junit-jupiter]/[class:edu.ucsb.cs156.example.controllers.MenuItemReviewsControllerTests]/[method:admin_tries_to_delete_non_existant_menuitemreview_and_gets_right_error_message()]
MenuItemReviewsController.java,edu.ucsb.cs156.example.controllers.MenuItemReviewsController,org.pitest.mutationtest.engine.gregor.mutators.returns.NullReturnValsMutator,lambda$getById$0,111,KILLED,edu.ucsb.cs156.example.controllers.MenuItemReviewsControllerTests.[engine:junit-jupiter]/[class:edu.ucsb.cs156.example.controllers.MenuItemReviewsControllerTests]/[method:test_that_logged_in_user_can_get_by_id_when_the_id_does_not_exist()]
MenuItemReviewsController.java,edu.ucsb.cs156.example.controllers.MenuItemReviewsController,org.pitest.mutationtest.engine.gregor.mutators.returns.NullReturnValsMutator,lambda$updateMenuItemReview$1,131,KILLED,edu.ucsb.cs156.example.controllers.MenuItemReviewsControllerTests.[engine:junit-jupiter]/[class:edu.ucsb.cs156.example.controllers.MenuItemReviewsControllerTests]/[method:admin_cannot_edit_menuitemreviews_that_does_not_exist()]
MenuItemReviewsController.java,edu.ucsb.cs156.example.controllers.MenuItemReviewsController,org.pitest.mutationtest.engine.gregor.mutators.VoidMethodCallMutator,postMenuItemReview,88,KILLED,edu.ucsb.cs156.example.controllers.MenuItemReviewsControllerTests.[engine:junit-jupiter]/[class:edu.ucsb.cs156.example.controllers.MenuItemReviewsControllerTests]/[method:an_admin_user_can_post_a_new_menuitemreview()]
MenuItemReviewsController.java,edu.ucsb.cs156.example.controllers.MenuItemReviewsController,org.pitest.mutationtest.engine.gregor.mutators.VoidMethodCallMutator,postMenuItemReview,89,KILLED,edu.ucsb.cs156.example.controllers.MenuItemReviewsControllerTests.[engine:junit-jupiter]/[class:edu.ucsb.cs156.example.controllers.MenuItemReviewsControllerTests]/[method:an_admin_user_can_post_a_new_menuitemreview()]
MenuItemReviewsController.java,edu.ucsb.cs156.example.controllers.MenuItemReviewsController,org.pitest.mutationtest.engine.gregor.mutators.VoidMethodCallMutator,postMenuItemReview,90,KILLED,edu.ucsb.cs156.example.controllers.MenuItemReviewsControllerTests.[engine:junit-jupiter]/[class:edu.ucsb.cs156.example.controllers.MenuItemReviewsControllerTests]/[method:an_admin_user_can_post_a_new_menuitemreview()]
MenuItemReviewsController.java,edu.ucsb.cs156.example.controllers.MenuItemReviewsController,org.pitest.mutationtest.engine.gregor.mutators.VoidMethodCallMutator,postMenuItemReview,91,KILLED,edu.ucsb.cs156.example.controllers.MenuItemReviewsControllerTests.[engine:junit-jupiter]/[class:edu.ucsb.cs156.example.controllers.MenuItemReviewsControllerTests]/[method:an_admin_user_can_post_a_new_menuitemreview()]
MenuItemReviewsController.java,edu.ucsb.cs156.example.controllers.MenuItemReviewsController,org.pitest.mutationtest.engine.gregor.mutators.VoidMethodCallMutator,postMenuItemReview,92,KILLED,edu.ucsb.cs156.example.controllers.MenuItemReviewsControllerTests.[engine:junit-jupiter]/[class:edu.ucsb.cs156.example.controllers.MenuItemReviewsControllerTests]/[method:an_admin_user_can_post_a_new_menuitemreview()]
MenuItemReviewsController.java,edu.ucsb.cs156.example.controllers.MenuItemReviewsController,org.pitest.mutationtest.engine.gregor.mutators.returns.NullReturnValsMutator,postMenuItemReview,96,KILLED,edu.ucsb.cs156.example.controllers.MenuItemReviewsControllerTests.[engine:junit-jupiter]/[class:edu.ucsb.cs156.example.controllers.MenuItemReviewsControllerTests]/[method:an_admin_user_can_post_a_new_menuitemreview()]
MenuItemReviewsController.java,edu.ucsb.cs156.example.controllers.MenuItemReviewsController,org.pitest.mutationtest.engine.gregor.mutators.VoidMethodCallMutator,updateMenuItemReview,133,KILLED,edu.ucsb.cs156.example.controllers.MenuItemReviewsControllerTests.[engine:junit-jupiter]/[class:edu.ucsb.cs156.example.controllers.MenuItemReviewsControllerTests]/[method:admin_can_edit_an_existing_menuitemreview()]
MenuItemReviewsController.java,edu.ucsb.cs156.example.controllers.MenuItemReviewsController,org.pitest.mutationtest.engine.gregor.mutators.VoidMethodCallMutator,updateMenuItemReview,134,KILLED,edu.ucsb.cs156.example.controllers.MenuItemReviewsControllerTests.[engine:junit-jupiter]/[class:edu.ucsb.cs156.example.controllers.MenuItemReviewsControllerTests]/[method:admin_can_edit_an_existing_menuitemreview()]
MenuItemReviewsController.java,edu.ucsb.cs156.example.controllers.MenuItemReviewsController,org.pitest.mutationtest.engine.gregor.mutators.VoidMethodCallMutator,updateMenuItemReview,135,KILLED,edu.ucsb.cs156.example.controllers.MenuItemReviewsControllerTests.[engine:junit-jupiter]/[class:edu.ucsb.cs156.example.controllers.MenuItemReviewsControllerTests]/[method:admin_can_edit_an_existing_menuitemreview()]
MenuItemReviewsController.java,edu.ucsb.cs156.example.controllers.MenuItemReviewsController,org.pitest.mutationtest.engine.gregor.mutators.VoidMethodCallMutator,updateMenuItemReview,136,KILLED,edu.ucsb.cs156.example.controllers.MenuItemReviewsControllerTests.[engine:junit-jupiter]/[class:edu.ucsb.cs156.example.controllers.MenuItemReviewsControllerTests]/[method:admin_can_edit_an_existing_menuitemreview()]
MenuItemReviewsController.java,edu.ucsb.cs156.example.controllers.MenuItemReviewsController,org.pitest.mutationtest.engine.gregor.mutators.VoidMethodCallMutator,updateMenuItemReview,137,KILLED,edu.ucsb.cs156.example.controllers.MenuItemReviewsControllerTests.[engine:junit-jupiter]/[class:edu.ucsb.cs156.example.controllers.MenuItemReviewsControllerTests]/[method:admin_can_edit_an_existing_menuitemreview()]
MenuItemReviewsController.java,edu.ucsb.cs156.example.controllers.MenuItemReviewsController,org.pitest.mutationtest.engine.gregor.mutators.returns.NullReturnValsMutator,updateMenuItemReview,141,KILLED,edu.ucsb.cs156.example.controllers.MenuItemReviewsControllerTests.[engine:junit-jupiter]/[class:edu.ucsb.cs156.example.controllers.MenuItemReviewsControllerTests]/[method:admin_can_edit_an_existing_menuitemreview()]
RestaurantsController.java,edu.ucsb.cs156.example.controllers.RestaurantsController,org.pitest.mutationtest.engine.gregor.mutators.returns.EmptyObjectReturnValsMutator,allRestaurants,45,KILLED,edu.ucsb.cs156.example.controllers.RestaurantsControllerTests.[engine:junit-jupiter]/[class:edu.ucsb.cs156.example.controllers.RestaurantsControllerTests]/[method:logged_in_user_can_get_all_restaurants()]
RestaurantsController.java,edu.ucsb.cs156.example.controllers.RestaurantsController,org.pitest.mutationtest.engine.gregor.mutators.VoidMethodCallMutator,deleteRestaurant,98,KILLED,edu.ucsb.cs156.example.controllers.RestaurantsControllerTests.[engine:junit-jupiter]/[class:edu.ucsb.cs156.example.controllers.RestaurantsControllerTests]/[method:admin_can_delete_a_restaurant()]
RestaurantsController.java,edu.ucsb.cs156.example.controllers.RestaurantsController,org.pitest.mutationtest.engine.gregor.mutators.returns.NullReturnValsMutator,deleteRestaurant,99,KILLED,edu.ucsb.cs156.example.controllers.RestaurantsControllerTests.[engine:junit-jupiter]/[class:edu.ucsb.cs156.example.controllers.RestaurantsControllerTests]/[method:admin_can_delete_a_restaurant()]
RestaurantsController.java,edu.ucsb.cs156.example.controllers.RestaurantsController,org.pitest.mutationtest.engine.gregor.mutators.returns.NullReturnValsMutator,getById,61,KILLED,edu.ucsb.cs156.example.controllers.RestaurantsControllerTests.[engine:junit-jupiter]/[class:edu.ucsb.cs156.example.controllers.RestaurantsControllerTests]/[method:test_that_logged_in_user_can_get_by_id_when_the_id_exists()]
RestaurantsController.java,edu.ucsb.cs156.example.controllers.RestaurantsController,org.pitest.mutationtest.engine.gregor.mutators.returns.NullReturnValsMutator,lambda$deleteRestaurant$1,96,KILLED,edu.ucsb.cs156.example.controllers.RestaurantsControllerTests.[engine:junit-jupiter]/[class:edu.ucsb.cs156.example.controllers.RestaurantsControllerTests]/[method:admin_tries_to_delete_non_existant_restaurant_and_gets_right_error_message()]
RestaurantsController.java,edu.ucsb.cs156.example.controllers.RestaurantsController,org.pitest.mutationtest.engine.gregor.mutators.returns.NullReturnValsMutator,lambda$getById$0,59,KILLED,edu.ucsb.cs156.example.controllers.RestaurantsControllerTests.[engine:junit-jupiter]/[class:edu.ucsb.cs156.example.controllers.RestaurantsControllerTests]/[method:test_that_logged_in_user_can_get_by_id_when_the_id_does_not_exist()]
RestaurantsController.java,edu.ucsb.cs156.example.controllers.RestaurantsController,org.pitest.mutationtest.engine.gregor.mutators.returns.NullReturnValsMutator,lambda$updateRestaurant$2,116,KILLED,edu.ucsb.cs156.example.controllers.RestaurantsControllerTests.[engine:junit-jupiter]/[class:edu.ucsb.cs156.example.controllers.RestaurantsControllerTests]/[method:admin_cannot_edit_restaurant_that_does_not_exist()]
RestaurantsController.java,edu.ucsb.cs156.example.controllers.RestaurantsController,org.pitest.mutationtest.engine.gregor.mutators.VoidMethodCallMutator,postRestaurant,78,KILLED,edu.ucsb.cs156.example.controllers.RestaurantsControllerTests.[engine:junit-jupiter]/[class:edu.ucsb.cs156.example.controllers.RestaurantsControllerTests]/[method:an_admin_user_can_post_a_new_restaurant()]
RestaurantsController.java,edu.ucsb.cs156.example.controllers.RestaurantsController,org.pitest.mutationtest.engine.gregor.mutators.VoidMethodCallMutator,postRestaurant,79,KILLED,edu.ucsb.cs156.example.controllers.RestaurantsControllerTests.[engine:junit-jupiter]/[class:edu.ucsb.cs156.example.controllers.RestaurantsControllerTests]/[method:an_admin_user_can_post_a_new_restaurant()]
RestaurantsController.java,edu.ucsb.cs156.example.controllers.RestaurantsController,org.pitest.mutationtest.engine.gregor.mutators.returns.NullReturnValsMutator,postRestaurant,82,KILLED,edu.ucsb.cs156.example.controllers.RestaurantsControllerTests.[engine:junit-jupiter]/[class:edu.ucsb.cs156.example.controllers.RestaurantsControllerTests]/[method:an_admin_user_can_post_a_new_restaurant()]
RestaurantsController.java,edu.ucsb.cs156.example.controllers.RestaurantsController,org.pitest.mutationtest.engine.gregor.mutators.VoidMethodCallMutator,updateRestaurant,118,KILLED,edu.ucsb.cs156.example.controllers.RestaurantsControllerTests.[engine:junit-jupiter]/[class:edu.ucsb.cs156.example.controllers.RestaurantsControllerTests]/[method:admin_can_edit_an_existing_restaurant()]
RestaurantsController.java,edu.ucsb.cs156.example.controllers.RestaurantsController,org.pitest.mutationtest.engine.gregor.mutators.VoidMethodCallMutator,updateRestaurant,119,KILLED,edu.ucsb.cs156.example.controllers.RestaurantsControllerTests.[engine:junit-jupiter]/[class:edu.ucsb.cs156.example.controllers.RestaurantsControllerTests]/[method:admin_can_edit_an_existing_restaurant()]
RestaurantsController.java,edu.ucsb.cs156.example.controllers.RestaurantsController,org.pitest.mutationtest.engine.gregor.mutators.returns.NullReturnValsMutator,updateRestaurant,123,KILLED,edu.ucsb.cs156.example.controllers.RestaurantsControllerTests.[engine:junit-jupiter]/[class:edu.ucsb.cs156.example.controllers.RestaurantsControllerTests]/[method:admin_can_edit_an_existing_restaurant()]
SystemInfoController.java,edu.ucsb.cs156.example.controllers.SystemInfoController,org.pitest.mutationtest.engine.gregor.mutators.returns.NullReturnValsMutator,getSystemInfo,43,KILLED,edu.ucsb.cs156.example.controllers.SystemInfoControllerTests.[engine:junit-jupiter]/[class:edu.ucsb.cs156.example.controllers.SystemInfoControllerTests]/[method:systemInfo__admin_logged_in()]
UCSBDatesController.java,edu.ucsb.cs156.example.controllers.UCSBDatesController,org.pitest.mutationtest.engine.gregor.mutators.returns.EmptyObjectReturnValsMutator,allUCSBDates,53,KILLED,edu.ucsb.cs156.example.controllers.UCSBDatesControllerTests.[engine:junit-jupiter]/[class:edu.ucsb.cs156.example.controllers.UCSBDatesControllerTests]/[method:logged_in_user_can_get_all_ucsbdates()]
UCSBDatesController.java,edu.ucsb.cs156.example.controllers.UCSBDatesController,org.pitest.mutationtest.engine.gregor.mutators.VoidMethodCallMutator,deleteUCSBDate,119,KILLED,edu.ucsb.cs156.example.controllers.UCSBDatesControllerTests.[engine:junit-jupiter]/[class:edu.ucsb.cs156.example.controllers.UCSBDatesControllerTests]/[method:admin_can_delete_a_date()]
UCSBDatesController.java,edu.ucsb.cs156.example.controllers.UCSBDatesController,org.pitest.mutationtest.engine.gregor.mutators.returns.NullReturnValsMutator,deleteUCSBDate,120,KILLED,edu.ucsb.cs156.example.controllers.UCSBDatesControllerTests.[engine:junit-jupiter]/[class:edu.ucsb.cs156.example.controllers.UCSBDatesControllerTests]/[method:admin_can_delete_a_date()]
UCSBDatesController.java,edu.ucsb.cs156.example.controllers.UCSBDatesController,org.pitest.mutationtest.engine.gregor.mutators.returns.NullReturnValsMutator,getById,70,KILLED,edu.ucsb.cs156.example.controllers.UCSBDatesControllerTests.[engine:junit-jupiter]/[class:edu.ucsb.cs156.example.controllers.UCSBDatesControllerTests]/[method:test_that_logged_in_user_can_get_by_id_when_the_id_exists()]
UCSBDatesController.java,edu.ucsb.cs156.example.controllers.UCSBDatesController,org.pitest.mutationtest.engine.gregor.mutators.returns.NullReturnValsMutator,lambda$deleteUCSBDate$1,117,KILLED,edu.ucsb.cs156.example.controllers.UCSBDatesControllerTests.[engine:junit-jupiter]/[class:edu.ucsb.cs156.example.controllers.UCSBDatesControllerTests]/[method:admin_tries_to_delete_non_existant_ucsbdate_and_gets_right_error_message()]
UCSBDatesController.java,edu.ucsb.cs156.example.controllers.UCSBDatesController,org.pitest.mutationtest.engine.gregor.mutators.returns.NullReturnValsMutator,lambda$getById$0,68,KILLED,edu.ucsb.cs156.example.controllers.UCSBDatesControllerTests.[engine:junit-jupiter]/[class:edu.ucsb.cs156.example.controllers.UCSBDatesControllerTests]/[method:test_that_logged_in_user_can_get_by_id_when_the_id_does_not_exist()]
UCSBDatesController.java,edu.ucsb.cs156.example.controllers.UCSBDatesController,org.pitest.mutationtest.engine.gregor.mutators.returns.NullReturnValsMutator,lambda$updateUCSBDate$2,138,KILLED,edu.ucsb.cs156.example.controllers.UCSBDatesControllerTests.[engine:junit-jupiter]/[class:edu.ucsb.cs156.example.controllers.UCSBDatesControllerTests]/[method:admin_cannot_edit_ucsbdate_that_does_not_exist()]
UCSBDatesController.java,edu.ucsb.cs156.example.controllers.UCSBDatesController,org.pitest.mutationtest.engine.gregor.mutators.VoidMethodCallMutator,postUCSBDate,96,KILLED,edu.ucsb.cs156.example.controllers.UCSBDatesControllerTests.[engine:junit-jupiter]/[class:edu.ucsb.cs156.example.controllers.UCSBDatesControllerTests]/[method:an_admin_user_can_post_a_new_ucsbdate()]
UCSBDatesController.java,edu.ucsb.cs156.example.controllers.UCSBDatesController,org.pitest.mutationtest.engine.gregor.mutators.VoidMethodCallMutator,postUCSBDate,97,KILLED,edu.ucsb.cs156.example.controllers.UCSBDatesControllerTests.[engine:junit-jupiter]/[class:edu.ucsb.cs156.example.controllers.UCSBDatesControllerTests]/[method:an_admin_user_can_post_a_new_ucsbdate()]
UCSBDatesController.java,edu.ucsb.cs156.example.controllers.UCSBDatesController,org.pitest.mutationtest.engine.gregor.mutators.VoidMethodCallMutator,postUCSBDate,98,KILLED,edu.ucsb.cs156.example.controllers.UCSBDatesControllerTests.[engine:junit-jupiter]/[class:edu.ucsb.cs156.example.controllers.UCSBDatesControllerTests]/[method:an_admin_user_can_post_a_new_ucsbdate()]
UCSBDatesController.java,edu.ucsb.cs156.example.controllers.UCSBDatesController,org.pitest.mutationtest.engine.gregor.mutators.returns.NullReturnValsMutator,postUCSBDate,102,KILLED,edu.ucsb.cs156.example.controllers.UCSBDatesControllerTests.[engine:junit-jupiter]/[class:edu.ucsb.cs156.example.controllers.UCSBDatesControllerTests]/[method:an_admin_user_can_post_a_new_ucsbdate()]
UCSBDatesController.java,edu.ucsb.cs156.example.controllers.UCSBDatesController,org.pitest.mutationtest.engine.gregor.mutators.VoidMethodCallMutator,updateUCSBDate,140,KILLED,edu.ucsb.cs156.example.controllers.UCSBDatesControllerTests.[engine:junit-jupiter]/[class:edu.ucsb.cs156.example.controllers.UCSBDatesControllerTests]/[method:admin_can_edit_an_existing_ucsbdate()]
UCSBDatesController.java,edu.ucsb.cs156.example.controllers.UCSBDatesController,org.pitest.mutationtest.engine.gregor.mutators.VoidMethodCallMutator,updateUCSBDate,141,KILLED,edu.ucsb.cs156.example.controllers.UCSBDatesControllerTests.[engine:junit-jupiter]/[class:edu.ucsb.cs156.example.controllers.UCSBDatesControllerTests]/[method:admin_can_edit_an_existing_ucsbdate()]
UCSBDatesController.java,edu.ucsb.cs156.example.controllers.UCSBDatesController,org.pitest.mutationtest.engine.gregor.mutators.VoidMethodCallMutator,updateUCSBDate,142,KILLED,edu.ucsb.cs156.example.controllers.UCSBDatesControllerTests.[engine:junit-jupiter]/[class:edu.ucsb.cs156.example.controllers.UCSBDatesControllerTests]/[method:admin_can_edit_an_existing_ucsbdate()]
UCSBDatesController.java,edu.ucsb.cs156.example.controllers.UCSBDatesController,org.pitest.mutationtest.engine.gregor.mutators.returns.NullReturnValsMutator,updateUCSBDate,146,KILLED,edu.ucsb.cs156.example.controllers.UCSBDatesControllerTests.[engine:junit-jupiter]/[class:edu.ucsb.cs156.example.controllers.UCSBDatesControllerTests]/[method:admin_can_edit_an_existing_ucsbdate()]
UCSBDiningCommonsController.java,edu.ucsb.cs156.example.controllers.UCSBDiningCommonsController,org.pitest.mutationtest.engine.gregor.mutators.returns.EmptyObjectReturnValsMutator,allCommonss,47,KILLED,edu.ucsb.cs156.example.controllers.UCSBDiningCommonsControllerTests.[engine:junit-jupiter]/[class:edu.ucsb.cs156.example.controllers.UCSBDiningCommonsControllerTests]/[method:logged_in_user_can_get_all_ucsbdiningcommons()]
UCSBDiningCommonsController.java,edu.ucsb.cs156.example.controllers.UCSBDiningCommonsController,org.pitest.mutationtest.engine.gregor.mutators.VoidMethodCallMutator,deleteCommons,118,KILLED,edu.ucsb.cs156.example.controllers.UCSBDiningCommonsControllerTests.[engine:junit-jupiter]/[class:edu.ucsb.cs156.example.controllers.UCSBDiningCommonsControllerTests]/[method:admin_can_delete_a_date()]
UCSBDiningCommonsController.java,edu.ucsb.cs156.example.controllers.UCSBDiningCommonsController,org.pitest.mutationtest.engine.gregor.mutators.returns.NullReturnValsMutator,deleteCommons,119,KILLED,edu.ucsb.cs156.example.controllers.UCSBDiningCommonsControllerTests.[engine:junit-jupiter]/[class:edu.ucsb.cs156.example.controllers.UCSBDiningCommonsControllerTests]/[method:admin_can_delete_a_date()]
UCSBDiningCommonsController.java,edu.ucsb.cs156.example.controllers.UCSBDiningCommonsController,org.pitest.mutationtest.engine.gregor.mutators.returns.NullReturnValsMutator,getById,63,KILLED,edu.ucsb.cs156.example.controllers.UCSBDiningCommonsControllerTests.[engine:junit-jupiter]/[class:edu.ucsb.cs156.example.controllers.UCSBDiningCommonsControllerTests]/[method:test_that_logged_in_user_can_get_by_id_when_the_id_exists()]
UCSBDiningCommonsController.java,edu.ucsb.cs156.example.controllers.UCSBDiningCommonsController,org.pitest.mutationtest.engine.gregor.mutators.returns.NullReturnValsMutator,lambda$deleteCommons$1,116,KILLED,edu.ucsb.cs156.example.controllers.UCSBDiningCommonsControllerTests.[engine:junit-jupiter]/[class:edu.ucsb.cs156.example.controllers.UCSBDiningCommonsControllerTests]/[method:admin_tries_to_delete_non_existant_commons_and_gets_right_error_message()]
UCSBDiningCommonsController.java,edu.ucsb.cs156.example.controllers.UCSBDiningCommonsController,org.pitest.mutationtest.engine.gregor.mutators.returns.NullReturnValsMutator,lambda$getById$0,61,KILLED,edu.ucsb.cs156.example.controllers.UCSBDiningCommonsControllerTests.[engine:junit-jupiter]/[class:edu.ucsb.cs156.example.controllers.UCSBDiningCommonsControllerTests]/[method:test_that_logged_in_user_can_get_by_id_when_the_id_does_not_exist()]
UCSBDiningCommonsController.java,edu.ucsb.cs156.example.controllers.UCSBDiningCommonsController,org.pitest.mutationtest.engine.gregor.mutators.returns.NullReturnValsMutator,lambda$updateCommons$2,136,KILLED,edu.ucsb.cs156.example.controllers.UCSBDiningCommonsControllerTests.[engine:junit-jupiter]/[class:edu.ucsb.cs156.example.controllers.UCSBDiningCommonsControllerTests]/[method:admin_cannot_edit_commons_that_does_not_exist()]
UCSBDiningCommonsController.java,edu.ucsb.cs156.example.controllers.UCSBDiningCommonsController,org.pitest.mutationtest.engine.gregor.mutators.VoidMethodCallMutator,postCommons,92,KILLED,edu.ucsb.cs156.example.controllers.UCSBDiningCommonsControllerTests.[engine:junit-jupiter]/[class:edu.ucsb.cs156.example.controllers.UCSBDiningCommonsControllerTests]/[method:an_admin_user_can_post_a_new_commons()]
UCSBDiningCommonsController.java,edu.ucsb.cs156.example.controllers.UCSBDiningCommonsController,org.pitest.mutationtest.engine.gregor.mutators.VoidMethodCallMutator,postCommons,93,KILLED,edu.ucsb.cs156.example.controllers.UCSBDiningCommonsControllerTests.[engine:junit-jupiter]/[class:edu.ucsb.cs156.example.controllers.UCSBDiningCommonsControllerTests]/[method:an_admin_user_can_post_a_new_commons()]
UCSBDiningCommonsController.java,edu.ucsb.cs156.example.controllers.UCSBDiningCommonsController,org.pitest.mutationtest.engine.gregor.mutators.VoidMethodCallMutator,postCommons,94,KILLED,edu.ucsb.cs156.example.controllers.UCSBDiningCommonsControllerTests.[engine:junit-jupiter]/[class:edu.ucsb.cs156.example.controllers.UCSBDiningCommonsControllerTests]/[method:an_admin_user_can_post_a_new_commons()]
UCSBDiningCommonsController.java,edu.ucsb.cs156.example.controllers.UCSBDiningCommonsController,org.pitest.mutationtest.engine.gregor.mutators.VoidMethodCallMutator,postCommons,95,KILLED,edu.ucsb.cs156.example.controllers.UCSBDiningCommonsControllerTests.[engine:junit-jupiter]/[class:edu.ucsb.cs156.example.controllers.UCSBDiningCommonsControllerTests]/[method:an_admin_user_can_post_a_new_commons()]
UCSBDiningCommonsController.java,edu.ucsb.cs156.example.controllers.UCSBDiningCommonsController,org.pitest.mutationtest.engine.gregor.mutators.VoidMethodCallMutator,postCommons,96,KILLED,edu.ucsb.cs156.example.controllers.UCSBDiningCommonsControllerTests.[engine:junit-jupiter]/[class:edu.ucsb.cs156.example.controllers.UCSBDiningCommonsControllerTests]/[method:an_admin_user_can_post_a_new_commons()]
UCSBDiningCommonsController.java,edu.ucsb.cs156.example.controllers.UCSBDiningCommonsController,org.pitest.mutationtest.engine.gregor.mutators.VoidMethodCallMutator,postCommons,97,KILLED,edu.ucsb.cs156.example.controllers.UCSBDiningCommonsControllerTests.[engine:junit-jupiter]/[class:edu.ucsb.cs156.example.controllers.UCSBDiningCommonsControllerTests]/[method:an_admin_user_can_post_a_new_commons()]
UCSBDiningCommonsController.java,edu.ucsb.cs156.example.controllers.UCSBDiningCommonsController,org.pitest.mutationtest.engine.gregor.mutators.VoidMethodCallMutator,postCommons,98,KILLED,edu.ucsb.cs156.example.controllers.UCSBDiningCommonsControllerTests.[engine:junit-jupiter]/[class:edu.ucsb.cs156.example.controllers.UCSBDiningCommonsControllerTests]/[method:an_admin_user_can_post_a_new_commons()]
UCSBDiningCommonsController.java,edu.ucsb.cs156.example.controllers.UCSBDiningCommonsController,org.pitest.mutationtest.engine.gregor.mutators.returns.NullReturnValsMutator,postCommons,102,KILLED,edu.ucsb.cs156.example.controllers.UCSBDiningCommonsControllerTests.[engine:junit-jupiter]/[class:edu.ucsb.cs156.example.controllers.UCSBDiningCommonsControllerTests]/[method:an_admin_user_can_post_a_new_commons()]
UCSBDiningCommonsController.java,edu.ucsb.cs156.example.controllers.UCSBDiningCommonsController,org.pitest.mutationtest.engine.gregor.mutators.VoidMethodCallMutator,updateCommons,139,KILLED,edu.ucsb.cs156.example.controllers.UCSBDiningCommonsControllerTests.[engine:junit-jupiter]/[class:edu.ucsb.cs156.example.controllers.UCSBDiningCommonsControllerTests]/[method:admin_can_edit_an_existing_commons()]
UCSBDiningCommonsController.java,edu.ucsb.cs156.example.controllers.UCSBDiningCommonsController,org.pitest.mutationtest.engine.gregor.mutators.VoidMethodCallMutator,updateCommons,140,KILLED,edu.ucsb.cs156.example.controllers.UCSBDiningCommonsControllerTests.[engine:junit-jupiter]/[class:edu.ucsb.cs156.example.controllers.UCSBDiningCommonsControllerTests]/[method:admin_can_edit_an_existing_commons()]
UCSBDiningCommonsController.java,edu.ucsb.cs156.example.controllers.UCSBDiningCommonsController,org.pitest.mutationtest.engine.gregor.mutators.VoidMethodCallMutator,updateCommons,141,KILLED,edu.ucsb.cs156.example.controllers.UCSBDiningCommonsControllerTests.[engine:junit-jupiter]/[class:edu.ucsb.cs156.example.controllers.UCSBDiningCommonsControllerTests]/[method:admin_can_edit_an_existing_commons()]
UCSBDiningCommonsController.java,edu.ucsb.cs156.example.controllers.UCSBDiningCommonsController,org.pitest.mutationtest.engine.gregor.mutators.VoidMethodCallMutator,updateCommons,142,KILLED,edu.ucsb.cs156.example.controllers.UCSBDiningCommonsControllerTests.[engine:junit-jupiter]/[class:edu.ucsb.cs156.example.controllers.UCSBDiningCommonsControllerTests]/[method:admin_can_edit_an_existing_commons()]
UCSBDiningCommonsController.java,edu.ucsb.cs156.example.controllers.UCSBDiningCommonsController,org.pitest.mutationtest.engine.gregor.mutators.VoidMethodCallMutator,updateCommons,143,KILLED,edu.ucsb.cs156.example.controllers.UCSBDiningCommonsControllerTests.[engine:junit-jupiter]/[class:edu.ucsb.cs156.example.controllers.UCSBDiningCommonsControllerTests]/[method:admin_can_edit_an_existing_commons()]
UCSBDiningCommonsController.java,edu.ucsb.cs156.example.controllers.UCSBDiningCommonsController,org.pitest.mutationtest.engine.gregor.mutators.VoidMethodCallMutator,updateCommons,144,KILLED,edu.ucsb.cs156.example.controllers.UCSBDiningCommonsControllerTests.[engine:junit-jupiter]/[class:edu.ucsb.cs156.example.controllers.UCSBDiningCommonsControllerTests]/[method:admin_can_edit_an_existing_commons()]
UCSBDiningCommonsController.java,edu.ucsb.cs156.example.controllers.UCSBDiningCommonsController,org.pitest.mutationtest.engine.gregor.mutators.returns.NullReturnValsMutator,updateCommons,148,KILLED,edu.ucsb.cs156.example.controllers.UCSBDiningCommonsControllerTests.[engine:junit-jupiter]/[class:edu.ucsb.cs156.example.controllers.UCSBDiningCommonsControllerTests]/[method:admin_can_edit_an_existing_commons()]
UCSBDiningCommonsMenuItemController.java,edu.ucsb.cs156.example.controllers.UCSBDiningCommonsMenuItemController,org.pitest.mutationtest.engine.gregor.mutators.returns.EmptyObjectReturnValsMutator,allUCSBDiningCommonsMenuItems,53,KILLED,edu.ucsb.cs156.example.controllers.UCSBDiningCommonsMenuItemControllerTests.[engine:junit-jupiter]/[class:edu.ucsb.cs156.example.controllers.UCSBDiningCommonsMenuItemControllerTests]/[method:logged_in_user_can_get_all_ucsbdiningcommonsmenuitem()]
UCSBDiningCommonsMenuItemController.java,edu.ucsb.cs156.example.controllers.UCSBDiningCommonsMenuItemController,org.pitest.mutationtest.engine.gregor.mutators.VoidMethodCallMutator,deleteUCSBDiningCommonsMenuItem,133,KILLED,edu.ucsb.cs156.example.controllers.UCSBDiningCommonsMenuItemControllerTests.[engine:junit-jupiter]/[class:edu.ucsb.cs156.example.controllers.UCSBDiningCommonsMenuItemControllerTests]/[method:admin_can_delete_a_diningcommonsmenuitem()]
UCSBDiningCommonsMenuItemController.java,edu.ucsb.cs156.example.controllers.UCSBDiningCommonsMenuItemController,org.pitest.mutationtest.engine.gregor.mutators.returns.NullReturnValsMutator,deleteUCSBDiningCommonsMenuItem,134,KILLED,edu.ucsb.cs156.example.controllers.UCSBDiningCommonsMenuItemControllerTests.[engine:junit-jupiter]/[class:edu.ucsb.cs156.example.controllers.UCSBDiningCommonsMenuItemControllerTests]/[method:admin_can_delete_a_diningcommonsmenuitem()]
UCSBDiningCommonsMenuItemController.java,edu.ucsb.cs156.example.controllers.UCSBDiningCommonsMenuItemController,org.pitest.mutationtest.engine.gregor.mutators.returns.NullReturnValsMutator,getById,70,KILLED,edu.ucsb.cs156.example.controllers.UCSBDiningCommonsMenuItemControllerTests.[engine:junit-jupiter]/[class:edu.ucsb.cs156.example.controllers.UCSBDiningCommonsMenuItemControllerTests]/[method:test_that_logged_in_user_can_get_by_id_when_the_id_exists()]
UCSBDiningCommonsMenuItemController.java,edu.ucsb.cs156.example.controllers.UCSBDiningCommonsMenuItemController,org.pitest.mutationtest.engine.gregor.mutators.returns.NullReturnValsMutator,lambda$deleteUCSBDiningCommonsMenuItem$2,131,KILLED,edu.ucsb.cs156.example.controllers.UCSBDiningCommonsMenuItemControllerTests.[engine:junit-jupiter]/[class:edu.ucsb.cs156.example.controllers.UCSBDiningCommonsMenuItemControllerTests]/[method:admin_tries_to_delete_non_existant_ucsbdiningcommonsmenuitem_and_gets_right_error_message()]
UCSBDiningCommonsMenuItemController.java,edu.ucsb.cs156.example.controllers.UCSBDiningCommonsMenuItemController,org.pitest.mutationtest.engine.gregor.mutators.returns.NullReturnValsMutator,lambda$getById$0,68,KILLED,edu.ucsb.cs156.example.controllers.UCSBDiningCommonsMenuItemControllerTests.[engine:junit-jupiter]/[class:edu.ucsb.cs156.example.controllers.UCSBDiningCommonsMenuItemControllerTests]/[method:test_that_logged_in_user_can_get_by_id_when_the_id_does_not_exist()]
UCSBDiningCommonsMenuItemController.java,edu.ucsb.cs156.example.controllers.UCSBDiningCommonsMenuItemController,org.pitest.mutationtest.engine.gregor.mutators.returns.NullReturnValsMutator,lambda$updateUCSBDiningCommonsMenuItem$1,115,KILLED,edu.ucsb.cs156.example.controllers.UCSBDiningCommonsMenuItemControllerTests.[engine:junit-jupiter]/[class:edu.ucsb.cs156.example.controllers.UCSBDiningCommonsMenuItemControllerTests]/[method:admin_cannot_edit_ucsbdiningcommonsmenuitem_that_does_not_exist()]
UCSBDiningCommonsMenuItemController.java,edu.ucsb.cs156.example.controllers.UCSBDiningCommonsMenuItemController,org.pitest.mutationtest.engine.gregor.mutators.VoidMethodCallMutator,postUCSBDiningCommonsMenuItem,91,KILLED,edu.ucsb.cs156.example.controllers.UCSBDiningCommonsMenuItemControllerTests.[engine:junit-jupiter]/[class:edu.ucsb.cs156.example.controllers.UCSBDiningCommonsMenuItemControllerTests]/[method:an_admin_user_can_post_a_new_ucsbdiningcommonsmenuitem()]
UCSBDiningCommonsMenuItemController.java,edu.ucsb.cs156.example.controllers.UCSBDiningCommonsMenuItemController,org.pitest.mutationtest.engine.gregor.mutators.VoidMethodCallMutator,postUCSBDiningCommonsMenuItem,92,KILLED,edu.ucsb.cs156.example.controllers.UCSBDiningCommonsMenuItemControllerTests.[engine:junit-jupiter]/[class:edu.ucsb.cs156.example.controllers.UCSBDiningCommonsMenuItemControllerTests]/[method:an_admin_user_can_post_a_new_ucsbdiningcommonsmenuitem()]
UCSBDiningCommonsMenuItemController.java,edu.ucsb.cs156.example.controllers.UCSBDiningCommonsMenuItemController,org.pitest.mutationtest.engine.gregor.mutators.VoidMethodCallMutator,postUCSBDiningCommonsMenuItem,93,KILLED,edu.ucsb.cs156.example.controllers.UCSBDiningCommonsMenuItemControllerTests.[engine:junit-jupiter]/[class:edu.ucsb.cs156.example.controllers.UCSBDiningCommonsMenuItemControllerTests]/[method:an_admin_user_can_post_a_new_ucsbdiningcommonsmenuitem()]
UCSBDiningCommonsMenuItemController.java,edu.ucsb.cs156.example.controllers.UCSBDiningCommonsMenuItemController,org.pitest.mutationtest.engine.gregor.mutators.returns.NullReturnValsMutator,postUCSBDiningCommonsMenuItem,97,KILLED,edu.ucsb.cs156.example.controllers.UCSBDiningCommonsMenuItemControllerTests.[engine:junit-jupiter]/[class:edu.ucsb.cs156.example.controllers.UCSBDiningCommonsMenuItemControllerTests]/[method:an_admin_user_can_post_a_new_ucsbdiningcommonsmenuitem()]
UCSBDiningCommonsMenuItemController.java,edu.ucsb.cs156.example.controllers.UCSBDiningCommonsMenuItemController,org.pitest.mutationtest.engine.gregor.mutators.VoidMethodCallMutator,updateUCSBDiningCommonsMenuItem,117,KILLED,edu.ucsb.cs156.example.controllers.UCSBDiningCommonsMenuItemControllerTests.[engine:junit-jupiter]/[class:edu.ucsb.cs156.example.controllers.UCSBDiningCommonsMenuItemControllerTests]/[method:admin_can_edit_an_existing_ucsbdiningcommonsmenuitem()]
UCSBDiningCommonsMenuItemController.java,edu.ucsb.cs156.example.controllers.UCSBDiningCommonsMenuItemController,org.pitest.mutationtest.engine.gregor.mutators.VoidMethodCallMutator,updateUCSBDiningCommonsMenuItem,118,KILLED,edu.ucsb.cs156.example.controllers.UCSBDiningCommonsMenuItemControllerTests.[engine:junit-jupiter]/[class:edu.ucsb.cs156.example.controllers.UCSBDiningCommonsMenuItemControllerTests]/[method:admin_can_edit_an_existing_ucsbdiningcommonsmenuitem()]
UCSBDiningCommonsMenuItemController.java,edu.ucsb.cs156.example.controllers.UCSBDiningCommonsMenuItemController,org.pitest.mutationtest.engine.gregor.mutators.VoidMethodCallMutator,updateUCSBDiningCommonsMenuItem,119,KILLED,edu.ucsb.cs156.example.controllers.UCSBDiningCommonsMenuItemControllerTests.[engine:junit-jupiter]/[class:edu.ucsb.cs156.example.controllers.UCSBDiningCommonsMenuItemControllerTests]/[method:admin_can_edit_an_existing_ucsbdiningcommonsmenuitem()]
UCSBDiningCommonsMenuItemController.java,edu.ucsb.cs156.example.controllers.UCSBDiningCommonsMenuItemController,org.pitest.mutationtest.engine.gregor.mutators.returns.NullReturnValsMutator,updateUCSBDiningCommonsMenuItem,123,KILLED,edu.ucsb.cs156.example.controllers.UCSBDiningCommonsMenuItemControllerTests.[engine:junit-jupiter]/[class:edu.ucsb.cs156.example.controllers.UCSBDiningCommonsMenuItemControllerTests]/[method:admin_can_edit_an_existing_ucsbdiningcommonsmenuitem()]
UserInfoController.java,edu.ucsb.cs156.example.controllers.UserInfoController,org.pitest.mutationtest.engine.gregor.mutators.returns.NullReturnValsMutator,getCurrentUser,31,KILLED,edu.ucsb.cs156.example.controllers.UserInfoControllerTests.[engine:junit-jupiter]/[class:edu.ucsb.cs156.example.controllers.UserInfoControllerTests]/[method:currentUser__logged_in()]
UsersController.java,edu.ucsb.cs156.example.controllers.UsersController,org.pitest.mutationtest.engine.gregor.mutators.returns.NullReturnValsMutator,users,46,KILLED,edu.ucsb.cs156.example.controllers.UsersControllerTests.[engine:junit-jupiter]/[class:edu.ucsb.cs156.example.controllers.UsersControllerTests]/[method:users__admin_logged_in()]
TestJob.java,edu.ucsb.cs156.example.jobs.TestJob,org.pitest.mutationtest.engine.gregor.mutators.NegateConditionalsMutator,accept,22,TIMED_OUT,none
TestJob.java,edu.ucsb.cs156.example.jobs.TestJob,org.pitest.mutationtest.engine.gregor.mutators.VoidMethodCallMutator,accept,20,KILLED,edu.ucsb.cs156.example.controllers.JobsControllerTests.[engine:junit-jupiter]/[class:edu.ucsb.cs156.example.controllers.JobsControllerTests]/[method:admin_can_launch_test_job()]
TestJob.java,edu.ucsb.cs156.example.jobs.TestJob,org.pitest.mutationtest.engine.gregor.mutators.VoidMethodCallMutator,accept,21,KILLED,edu.ucsb.cs156.example.controllers.JobsControllerTests.[engine:junit-jupiter]/[class:edu.ucsb.cs156.example.controllers.JobsControllerTests]/[method:admin_can_launch_test_job()]
TestJob.java,edu.ucsb.cs156.example.jobs.TestJob,org.pitest.mutationtest.engine.gregor.mutators.VoidMethodCallMutator,accept,25,TIMED_OUT,none
CurrentUserService.java,edu.ucsb.cs156.example.services.CurrentUserService,org.pitest.mutationtest.engine.gregor.mutators.NegateConditionalsMutator,isLoggedIn,42,KILLED,edu.ucsb.cs156.example.services.CurrentUserServiceTests.[engine:junit-jupiter]/[class:edu.ucsb.cs156.example.services.CurrentUserServiceTests]/[method:test_isLoggedIn_returns_true()]
CurrentUserService.java,edu.ucsb.cs156.example.services.CurrentUserService,org.pitest.mutationtest.engine.gregor.mutators.returns.BooleanTrueReturnValsMutator,isLoggedIn,42,KILLED,edu.ucsb.cs156.example.services.CurrentUserServiceTests.[engine:junit-jupiter]/[class:edu.ucsb.cs156.example.services.CurrentUserServiceTests]/[method:test_isLoggedIn_returns_false()]
SystemInfoServiceImpl.java,edu.ucsb.cs156.example.services.SystemInfoServiceImpl,org.pitest.mutationtest.engine.gregor.mutators.returns.NullReturnValsMutator,getSystemInfo,61,KILLED,edu.ucsb.cs156.example.services.SystemInfoServiceImplTests.[engine:junit-jupiter]/[class:edu.ucsb.cs156.example.services.SystemInfoServiceImplTests]/[method:test_getSystemInfo()]
SystemInfoServiceImpl.java,edu.ucsb.cs156.example.services.SystemInfoServiceImpl,org.pitest.mutationtest.engine.gregor.mutators.NegateConditionalsMutator,githubUrl,41,KILLED,edu.ucsb.cs156.example.services.SystemInfoServiceImplTests.[engine:junit-jupiter]/[class:edu.ucsb.cs156.example.services.SystemInfoServiceImplTests]/[method:test_githubUrl()]
SystemInfoServiceImpl.java,edu.ucsb.cs156.example.services.SystemInfoServiceImpl,org.pitest.mutationtest.engine.gregor.mutators.NegateConditionalsMutator,githubUrl,41,KILLED,edu.ucsb.cs156.example.services.SystemInfoServiceImplTests.[engine:junit-jupiter]/[class:edu.ucsb.cs156.example.services.SystemInfoServiceImplTests]/[method:test_githubUrl()]
SystemInfoServiceImpl.java,edu.ucsb.cs156.example.services.SystemInfoServiceImpl,org.pitest.mutationtest.engine.gregor.mutators.returns.EmptyObjectReturnValsMutator,githubUrl,41,KILLED,edu.ucsb.cs156.example.services.SystemInfoServiceImplTests.[engine:junit-jupiter]/[class:edu.ucsb.cs156.example.services.SystemInfoServiceImplTests]/[method:test_githubUrl()]
JobContext.java,edu.ucsb.cs156.example.services.jobs.JobContext,org.pitest.mutationtest.engine.gregor.mutators.NegateConditionalsMutator,log,16,KILLED,edu.ucsb.cs156.example.services.jobs.JobContextTests.[engine:junit-jupiter]/[class:edu.ucsb.cs156.example.services.jobs.JobContextTests]/[method:when_jobs_repository_is_null_does_not_save()]
JobContext.java,edu.ucsb.cs156.example.services.jobs.JobContext,org.pitest.mutationtest.engine.gregor.mutators.NegateConditionalsMutator,log,18,KILLED,edu.ucsb.cs156.example.services.jobs.JobContextTests.[engine:junit-jupiter]/[class:edu.ucsb.cs156.example.services.jobs.JobContextTests]/[method:when_jobs_repository_is_null_does_not_save()]
JobContext.java,edu.ucsb.cs156.example.services.jobs.JobContext,org.pitest.mutationtest.engine.gregor.mutators.VoidMethodCallMutator,log,17,KILLED,edu.ucsb.cs156.example.services.jobs.JobContextTests.[engine:junit-jupiter]/[class:edu.ucsb.cs156.example.services.jobs.JobContextTests]/[method:when_jobs_repository_is_null_does_not_save()]
JobService.java,edu.ucsb.cs156.example.services.jobs.JobService,org.pitest.mutationtest.engine.gregor.mutators.NegateConditionalsMutator,getJobLogs,51,KILLED,edu.ucsb.cs156.example.services.JobLogsServiceTests.[engine:junit-jupiter]/[class:edu.ucsb.cs156.example.services.JobLogsServiceTests]/[method:test_getJobLogs_with_null_log()]
JobService.java,edu.ucsb.cs156.example.services.jobs.JobService,org.pitest.mutationtest.engine.gregor.mutators.returns.NullReturnValsMutator,lambda$getJobLogs$0,48,KILLED,edu.ucsb.cs156.example.services.JobLogsServiceTests.[engine:junit-jupiter]/[class:edu.ucsb.cs156.example.services.JobLogsServiceTests]/[method:test_getJobLogs_job_not_found()]
JobService.java,edu.ucsb.cs156.example.services.jobs.JobService,org.pitest.mutationtest.engine.gregor.mutators.VoidMethodCallMutator,runAsJob,23,KILLED,edu.ucsb.cs156.example.controllers.JobsControllerTests.[engine:junit-jupiter]/[class:edu.ucsb.cs156.example.controllers.JobsControllerTests]/[method:admin_can_launch_test_job()]
JobService.java,edu.ucsb.cs156.example.services.jobs.JobService,org.pitest.mutationtest.engine.gregor.mutators.returns.NullReturnValsMutator,runAsJob,25,KILLED,edu.ucsb.cs156.example.controllers.JobsControllerTests.[engine:junit-jupiter]/[class:edu.ucsb.cs156.example.controllers.JobsControllerTests]/[method:admin_can_launch_test_job()]
JobService.java,edu.ucsb.cs156.example.services.jobs.JobService,org.pitest.mutationtest.engine.gregor.mutators.VoidMethodCallMutator,runJobAsync,33,KILLED,edu.ucsb.cs156.example.controllers.JobsControllerTests.[engine:junit-jupiter]/[class:edu.ucsb.cs156.example.controllers.JobsControllerTests]/[method:admin_can_launch_test_job()]
JobService.java,edu.ucsb.cs156.example.services.jobs.JobService,org.pitest.mutationtest.engine.gregor.mutators.VoidMethodCallMutator,runJobAsync,35,TIMED_OUT,none
JobService.java,edu.ucsb.cs156.example.services.jobs.JobService,org.pitest.mutationtest.engine.gregor.mutators.VoidMethodCallMutator,runJobAsync,40,TIMED_OUT,none
UCSBOrganizationController.java,edu.ucsb.cs156.example.controllers.UCSBOrganizationController,org.pitest.mutationtest.engine.gregor.mutators.returns.EmptyObjectReturnValsMutator,allUCSBOrganization,53,KILLED,edu.ucsb.cs156.example.controllers.UCSBOrganizationControllerTests.[engine:junit-jupiter]/[class:edu.ucsb.cs156.example.controllers.UCSBOrganizationControllerTests]/[method:logged_in_user_can_get_all_ucsborganization()]
UCSBOrganizationController.java,edu.ucsb.cs156.example.controllers.UCSBOrganizationController,org.pitest.mutationtest.engine.gregor.mutators.VoidMethodCallMutator,deleteUCSBOrganization,148,KILLED,edu.ucsb.cs156.example.controllers.UCSBOrganizationControllerTests.[engine:junit-jupiter]/[class:edu.ucsb.cs156.example.controllers.UCSBOrganizationControllerTests]/[method:admin_can_delete_an_organization()]
UCSBOrganizationController.java,edu.ucsb.cs156.example.controllers.UCSBOrganizationController,org.pitest.mutationtest.engine.gregor.mutators.returns.NullReturnValsMutator,deleteUCSBOrganization,149,KILLED,edu.ucsb.cs156.example.controllers.UCSBOrganizationControllerTests.[engine:junit-jupiter]/[class:edu.ucsb.cs156.example.controllers.UCSBOrganizationControllerTests]/[method:admin_can_delete_an_organization()]
UCSBOrganizationController.java,edu.ucsb.cs156.example.controllers.UCSBOrganizationController,org.pitest.mutationtest.engine.gregor.mutators.returns.NullReturnValsMutator,getById,103,KILLED,edu.ucsb.cs156.example.controllers.UCSBOrganizationControllerTests.[engine:junit-jupiter]/[class:edu.ucsb.cs156.example.controllers.UCSBOrganizationControllerTests]/[method:test_that_logged_in_user_can_get_by_id_when_the_id_does_exist()]
UCSBOrganizationController.java,edu.ucsb.cs156.example.controllers.UCSBOrganizationController,org.pitest.mutationtest.engine.gregor.mutators.returns.NullReturnValsMutator,lambda$deleteUCSBOrganization$2,146,KILLED,edu.ucsb.cs156.example.controllers.UCSBOrganizationControllerTests.[engine:junit-jupiter]/[class:edu.ucsb.cs156.example.controllers.UCSBOrganizationControllerTests]/[method:admin_tries_to_delete_non_existant_ucsborganization_and_gets_right_error_message()]
UCSBOrganizationController.java,edu.ucsb.cs156.example.controllers.UCSBOrganizationController,org.pitest.mutationtest.engine.gregor.mutators.returns.NullReturnValsMutator,lambda$getById$0,101,KILLED,edu.ucsb.cs156.example.controllers.UCSBOrganizationControllerTests.[engine:junit-jupiter]/[class:edu.ucsb.cs156.example.controllers.UCSBOrganizationControllerTests]/[method:test_that_logged_in_user_can_get_by_id_when_the_id_does_not_exist()]
UCSBOrganizationController.java,edu.ucsb.cs156.example.controllers.UCSBOrganizationController,org.pitest.mutationtest.engine.gregor.mutators.returns.NullReturnValsMutator,lambda$updateUCSBOrganization$1,122,KILLED,edu.ucsb.cs156.example.controllers.UCSBOrganizationControllerTests.[engine:junit-jupiter]/[class:edu.ucsb.cs156.example.controllers.UCSBOrganizationControllerTests]/[method:admin_cannot_edit_ucsbdate_that_does_not_exist()]
UCSBOrganizationController.java,edu.ucsb.cs156.example.controllers.UCSBOrganizationController,org.pitest.mutationtest.engine.gregor.mutators.VoidMethodCallMutator,postUCSBOrganization,77,KILLED,edu.ucsb.cs156.example.controllers.UCSBOrganizationControllerTests.[engine:junit-jupiter]/[class:edu.ucsb.cs156.example.controllers.UCSBOrganizationControllerTests]/[method:an_admin_user_can_post_a_new_ucsborganization()]
UCSBOrganizationController.java,edu.ucsb.cs156.example.controllers.UCSBOrganizationController,org.pitest.mutationtest.engine.gregor.mutators.VoidMethodCallMutator,postUCSBOrganization,78,KILLED,edu.ucsb.cs156.example.controllers.UCSBOrganizationControllerTests.[engine:junit-jupiter]/[class:edu.ucsb.cs156.example.controllers.UCSBOrganizationControllerTests]/[method:an_admin_user_can_post_a_new_ucsborganization()]
UCSBOrganizationController.java,edu.ucsb.cs156.example.controllers.UCSBOrganizationController,org.pitest.mutationtest.engine.gregor.mutators.VoidMethodCallMutator,postUCSBOrganization,79,KILLED,edu.ucsb.cs156.example.controllers.UCSBOrganizationControllerTests.[engine:junit-jupiter]/[class:edu.ucsb.cs156.example.controllers.UCSBOrganizationControllerTests]/[method:an_admin_user_can_post_a_new_ucsborganization()]
UCSBOrganizationController.java,edu.ucsb.cs156.example.controllers.UCSBOrganizationController,org.pitest.mutationtest.engine.gregor.mutators.VoidMethodCallMutator,postUCSBOrganization,80,KILLED,edu.ucsb.cs156.example.controllers.UCSBOrganizationControllerTests.[engine:junit-jupiter]/[class:edu.ucsb.cs156.example.controllers.UCSBOrganizationControllerTests]/[method:an_admin_user_can_post_a_new_ucsborganization()]
UCSBOrganizationController.java,edu.ucsb.cs156.example.controllers.UCSBOrganizationController,org.pitest.mutationtest.engine.gregor.mutators.returns.NullReturnValsMutator,postUCSBOrganization,84,KILLED,edu.ucsb.cs156.example.controllers.UCSBOrganizationControllerTests.[engine:junit-jupiter]/[class:edu.ucsb.cs156.example.controllers.UCSBOrganizationControllerTests]/[method:an_admin_user_can_post_a_new_ucsborganization()]
UCSBOrganizationController.java,edu.ucsb.cs156.example.controllers.UCSBOrganizationController,org.pitest.mutationtest.engine.gregor.mutators.VoidMethodCallMutator,updateUCSBOrganization,124,KILLED,edu.ucsb.cs156.example.controllers.UCSBOrganizationControllerTests.[engine:junit-jupiter]/[class:edu.ucsb.cs156.example.controllers.UCSBOrganizationControllerTests]/[method:admin_can_edit_an_existing_ucsborganization()]
UCSBOrganizationController.java,edu.ucsb.cs156.example.controllers.UCSBOrganizationController,org.pitest.mutationtest.engine.gregor.mutators.VoidMethodCallMutator,updateUCSBOrganization,125,KILLED,edu.ucsb.cs156.example.controllers.UCSBOrganizationControllerTests.[engine:junit-jupiter]/[class:edu.ucsb.cs156.example.controllers.UCSBOrganizationControllerTests]/[method:admin_can_edit_an_existing_ucsborganization()]
UCSBOrganizationController.java,edu.ucsb.cs156.example.controllers.UCSBOrganizationController,org.pitest.mutationtest.engine.gregor.mutators.VoidMethodCallMutator,updateUCSBOrganization,126,KILLED,edu.ucsb.cs156.example.controllers.UCSBOrganizationControllerTests.[engine:junit-jupiter]/[class:edu.ucsb.cs156.example.controllers.UCSBOrganizationControllerTests]/[method:admin_can_edit_an_existing_ucsborganization()]
UCSBOrganizationController.java,edu.ucsb.cs156.example.controllers.UCSBOrganizationController,org.pitest.mutationtest.engine.gregor.mutators.returns.NullReturnValsMutator,updateUCSBOrganization,130,KILLED,edu.ucsb.cs156.example.controllers.UCSBOrganizationControllerTests.[engine:junit-jupiter]/[class:edu.ucsb.cs156.example.controllers.UCSBOrganizationControllerTests]/[method:admin_can_edit_an_existing_ucsborganization()]
